<?xml version="1.0" encoding="UTF-8" standalone="yes"?>
<configuration database="DATABASE" query="from mtdt_dimension where id_cube = %{#mtdt_cube.id_cube} order by id desc" name="mtdt_dimension" searchTitle="" createTitle="" readTitle="" editTitle="" variable="mtdt_dimension" largeResultSet="false" rowsPerPage="10" columns="1" useLocalOrder="false">
    <properties>
        <property enabled="true" name="id_dimension" label="" insertable="false" updatable="false" inSummary="true" searchable="true">
            <annotations/>
        </property>
        <property enabled="false" name="id_cube" label="" insertable="false" updatable="false" inSummary="false" searchable="false">
            <annotations/>
        </property>
        <property enabled="true" name="name" label="" insertable="true" updatable="true" inSummary="true" searchable="true">
            <annotations/>
        </property>
        <property enabled="true" name="description" label="" insertable="true" updatable="true" inSummary="true" searchable="true">
            <annotations/>
        </property>
        <property enabled="true" name="description_long" label="" insertable="true" updatable="true" inSummary="true" searchable="true">
            <annotations/>
        </property>
        <property enabled="true" name="sql" label="" insertable="true" updatable="true" inSummary="true" searchable="true">
            <annotations/>
        </property>
        <property enabled="true" name="scheduler" label="" insertable="true" updatable="true" inSummary="false" searchable="false">
            <annotations/>
        </property>
        <property enabled="true" name="type" label="" insertable="true" updatable="true" inSummary="false" searchable="false">
            <annotations/>
        </property>
        <property enabled="true" name="sta_table" label="" insertable="true" updatable="true" inSummary="false" searchable="false">
            <annotations/>
        </property>
        <property enabled="true" name="id_dimension_refer" label="" insertable="true" updatable="true" inSummary="false" searchable="false">
            <annotations/>
        </property>
    </properties>
    <selectionProviders>
        <selectionProvider enabled="true" fk="fk_dimension_cube" displayMode="DROPDOWN" searchDisplayMode="DROPDOWN" createNewValueText=""/>
    </selectionProviders>
</configuration>
