<?xml version="1.0" encoding="UTF-8" standalone="yes"?>
<configuration database="DATABASE" query="from mtdt_dimension_pre_post where id_dimension = %{#mtdt_dimension.id_dimension} order by id desc" name="mtdt_dimension_pre_post" variable="mtdt_dimension_pre_post" largeResultSet="false" rowsPerPage="10" columns="1" useLocalOrder="false">
    <properties>
        <property enabled="true" name="id_pre_post" insertable="false" updatable="false" inSummary="true" searchable="true">
            <annotations/>
        </property>
        <property enabled="false" name="id_dimension" insertable="false" updatable="false" inSummary="false" searchable="false">
            <annotations/>
        </property>
        <property enabled="true" name="type" insertable="true" updatable="true" inSummary="true" searchable="true">
            <annotations/>
        </property>
        <property enabled="true" name="sql" insertable="true" updatable="true" inSummary="true" searchable="true">
            <annotations/>
        </property>
    </properties>
    <selectionProviders/>
</configuration>
