<?xml version="1.0" encoding="UTF-8" standalone="yes"?>
<configuration database="DATABASE" query="from mtdt_dimension_idd where id_dimension = %{#mtdt_dimension.id_dimension} order by id desc" name="mtdt_dimension_idd" searchTitle="" createTitle="" readTitle="" editTitle="" variable="mtdt_dimension_idd" largeResultSet="false" rowsPerPage="10" columns="1" useLocalOrder="false">
    <properties>
        <property enabled="true" name="id_dimension_idd" label="" insertable="false" updatable="false" inSummary="true" searchable="true">
            <annotations/>
        </property>
        <property enabled="false" name="id_dimension" label="" insertable="false" updatable="false" inSummary="false" searchable="false">
            <annotations/>
        </property>
        <property enabled="true" name="tab_dim1" label="" insertable="true" updatable="true" inSummary="true" searchable="true">
            <annotations/>
        </property>
        <property enabled="true" name="tab_dim1_col_idd" label="" insertable="true" updatable="true" inSummary="true" searchable="true">
            <annotations/>
        </property>
        <property enabled="true" name="tab_dim1_col_join" label="" insertable="true" updatable="true" inSummary="true" searchable="true">
            <annotations/>
        </property>
        <property enabled="true" name="tab_dim2" label="" insertable="true" updatable="true" inSummary="false" searchable="false">
            <annotations/>
        </property>
        <property enabled="true" name="tab_dim2_col_idd" label="" insertable="true" updatable="true" inSummary="false" searchable="false">
            <annotations/>
        </property>
        <property enabled="true" name="tab_dim2_col_join" label="" insertable="true" updatable="true" inSummary="false" searchable="false">
            <annotations/>
        </property>
        <property enabled="true" name="bypass" label="" insertable="true" updatable="true" inSummary="false" searchable="false">
            <annotations/>
        </property>
    </properties>
    <selectionProviders/>
</configuration>
