<?xml version="1.0" encoding="UTF-8" standalone="yes"?>
<page title="Samples" description="" navigationRoot="INHERIT" id="26tz03nz122lw7bkosgzmktjw">
    <layout template="default">
        <childPages>
            <childPage showInNavigation="true" name="map"/>
            <childPage showInNavigation="true" name="gallery"/>
            <childPage showInNavigation="true" name="angular"/>
            <childPage showInNavigation="true" name="fancytree"/>
            <childPage showInNavigation="true" name="chart"/>
        </childPages>
    </layout>
    <detailLayout template="default">
        <childPages/>
    </detailLayout>
    <permissions/>
</page>
