<?xml version="1.0" encoding="UTF-8" standalone="yes"?>
<page title="Dimensions" navigationRoot="INHERIT" id="o9lebin7dbqreq7pqxeaf7tw2">
    <layout template="default">
        <childPages>
            <childPage showInNavigation="true" name="mtdt_dimension"/>
            <childPage showInNavigation="true" name="mtdt_dimension_pre_post"/>
            <childPage showInNavigation="true" name="mtdt_dimension_idd"/>
        </childPages>
    </layout>
    <detailLayout template="default">
        <childPages/>
    </detailLayout>
    <permissions/>
</page>
