<?xml version="1.0" encoding="UTF-8" standalone="yes"?>
<configuration database="DATABASE" query="from versionhistory order by id desc" name="versionhistory" searchTitle="" createTitle="" readTitle="" editTitle="" variable="versionhistory" largeResultSet="false" rowsPerPage="10" columns="1" useLocalOrder="false">
    <properties>
        <property enabled="true" name="_id" label="" insertable="false" updatable="false" inSummary="true" searchable="true">
            <annotations/>
        </property>
        <property enabled="true" name="release" label="" insertable="true" updatable="true" inSummary="true" searchable="true">
            <annotations/>
        </property>
        <property enabled="true" name="current" label="" insertable="true" updatable="true" inSummary="true" searchable="true">
            <annotations/>
        </property>
        <property enabled="true" name="module" label="" insertable="true" updatable="true" inSummary="true" searchable="true">
            <annotations/>
        </property>
        <property enabled="true" name="datetime" label="" insertable="true" updatable="true" inSummary="true" searchable="true">
            <annotations/>
        </property>
        <property enabled="true" name="notes" label="" insertable="true" updatable="true" inSummary="false" searchable="false">
            <annotations/>
        </property>
        <property enabled="true" name="maxscriptid" label="" insertable="true" updatable="true" inSummary="false" searchable="false">
            <annotations/>
        </property>
        <property enabled="true" name="scriptsarray" label="" insertable="true" updatable="true" inSummary="false" searchable="false">
            <annotations/>
        </property>
    </properties>
    <selectionProviders/>
</configuration>
