<?xml version="1.0" encoding="UTF-8" standalone="yes"?>
<configuration database="DATABASE" query="from mtdt_cube order by id desc" name="mtdt_cube" searchTitle="" createTitle="" readTitle="" editTitle="" variable="mtdt_cube" largeResultSet="false" rowsPerPage="10" columns="1" useLocalOrder="false">
    <properties>
        <property enabled="true" name="id_cube" label="" insertable="false" updatable="false" inSummary="true" searchable="true">
            <annotations/>
        </property>
        <property enabled="true" name="name" label="" insertable="true" updatable="true" inSummary="true" searchable="true">
            <annotations/>
        </property>
        <property enabled="true" name="description" label="" insertable="true" updatable="true" inSummary="true" searchable="true">
            <annotations/>
        </property>
        <property enabled="true" name="scheduler" label="" insertable="true" updatable="true" inSummary="true" searchable="true">
            <annotations/>
        </property>
        <property enabled="true" name="type" label="" insertable="true" updatable="true" inSummary="true" searchable="true">
            <annotations/>
        </property>
        <property enabled="true" name="tmp_name" label="" insertable="true" updatable="true" inSummary="true" searchable="true">
            <annotations/>
        </property>
        <property enabled="true" name="parent_id_cubes" label="" insertable="true" updatable="true" inSummary="true" searchable="true">
            <annotations/>
        </property>
    </properties>
    <selectionProviders>
        <selectionProvider enabled="true" selectionProvider="scheduler" displayMode="DROPDOWN" searchDisplayMode="DROPDOWN" createNewValueText=""/>
        <selectionProvider enabled="true" selectionProvider="type" displayMode="DROPDOWN" searchDisplayMode="DROPDOWN" createNewValueText=""/>
    </selectionProviders>
</configuration>
