<?xml version="1.0" encoding="UTF-8" standalone="yes"?>
<page title="Cubes" description="Cubes definition" navigationRoot="INHERIT" id="73vv22fo0dh2aggha3jteyyvl">
    <layout template="default">
        <childPages/>
    </layout>
    <detailLayout template="default">
        <childPages>
            <childPage order="0" showInNavigation="true" name="mtdt_cube_pre_post" container="default"/>
            <childPage order="0" showInNavigation="true" name="mtdt_dimension" container="default"/>
            <childPage order="0" showInNavigation="true" name="mtdt_indicator" container="default"/>
        </childPages>
    </detailLayout>
    <permissions/>
</page>
