<?xml version="1.0" encoding="UTF-8" standalone="yes"?>
<table tableName="mtdt_sta_datasources">
    <annotations/>
    <columns>
        <column columnName="idconnection" columnType="numeric" length="131089" jdbcType="2" autoincrement="false" nullable="false">
            <annotations/>
        </column>
        <column columnName="descconection" columnType="varchar" length="100" jdbcType="12" autoincrement="false" nullable="true">
            <annotations/>
        </column>
        <column columnName="provider" columnType="varchar" length="100" jdbcType="12" autoincrement="false" nullable="true">
            <annotations/>
        </column>
        <column columnName="ipport" columnType="varchar" length="1000" jdbcType="12" autoincrement="false" nullable="true">
            <annotations>
                <annotation type="com.manydesigns.elements.annotations.Multiline">
                    <value>true</value>
                </annotation>
            </annotations>
        </column>
        <column columnName="database" columnType="varchar" length="100" jdbcType="12" autoincrement="false" nullable="true">
            <annotations/>
        </column>
        <column columnName="username" columnType="varchar" length="100" jdbcType="12" autoincrement="false" nullable="true">
            <annotations/>
        </column>
        <column columnName="password" columnType="varchar" length="100" jdbcType="12" autoincrement="false" nullable="true">
            <annotations/>
        </column>
        <column columnName="authdb" columnType="varchar" length="100" jdbcType="12" autoincrement="false" nullable="true">
            <annotations/>
        </column>
        <column columnName="shard" columnType="varchar" length="100" jdbcType="12" autoincrement="false" nullable="true">
            <annotations/>
        </column>
    </columns>
    <foreignKeys/>
    <primaryKey primaryKeyName="mtdt_sta_datasources_pkey">
        <column columnName="idconnection">
            <incrementGenerator/>
        </column>
    </primaryKey>
    <selectionProviders>
        <query name="provider" toDatabase="DATABASE" hql="" sql="select 'MONGODB' AS VALUE1, 'MONGODB' AS LABEL1, 1 SORT&#xD;&#xA;UNION select 'org.postgresql.Driver' AS VALUE1, 'POSTGRESQL' AS LABEL1, 2 SORT&#xD;&#xA;UNION select 'com.microsoft.sqlserver.jdbc.SQLServerDriver' AS VALUE1, 'MSSQLSERVER' AS LABEL1, 3 SORT&#xD;&#xA;UNION select 'org.gjt.mm.mysql.Driver' AS VALUE1, 'MYSQL' AS LABEL1, 4 SORT&#xD;&#xA;UNION select 'oracle.jdbc.driver.OracleDriver' AS VALUE1, 'ORACLE' AS LABEL1, 5 SORT&#xD;&#xA;UNION select 'EXCELL' AS VALUE1, 'MSEXCELL(only COMPLETE loads)' AS LABEL1, 6 SORT&#xD;&#xA;ORDER BY SORT">
            <references>
                <reference fromColumn="provider"/>
            </references>
        </query>
    </selectionProviders>
</table>
