<?xml version="1.0" encoding="UTF-8" standalone="yes"?>
<table tableName="mtdt_load_control">
    <annotations/>
    <columns>
        <column columnName="id" columnType="bigserial" length="19" jdbcType="-5" autoincrement="true" nullable="false">
            <annotations/>
        </column>
        <column columnName="id_cube" columnType="numeric" length="131089" jdbcType="2" autoincrement="false" nullable="true">
            <annotations/>
        </column>
        <column columnName="fec_ini" columnType="timestamp" length="3" jdbcType="93" autoincrement="false" nullable="false">
            <annotations>
                <annotation type="com.manydesigns.elements.annotations.DateFormat">
                    <value>YYYY/MM/dd HH:mm:ss</value>
                </annotation>
            </annotations>
        </column>
        <column columnName="fec_fin" columnType="timestamp" length="3" jdbcType="93" autoincrement="false" nullable="false">
            <annotations>
                <annotation type="com.manydesigns.elements.annotations.DateFormat">
                    <value>YYYY/MM/dd HH:mm:ss</value>
                </annotation>
            </annotations>
        </column>
        <column columnName="completed" columnType="varchar" length="1" jdbcType="12" autoincrement="false" nullable="false">
            <annotations/>
        </column>
        <column columnName="parent_id" columnType="int8" length="19" jdbcType="-5" autoincrement="false" nullable="true">
            <annotations/>
        </column>
        <column columnName="num_rows" columnType="int8" length="19" jdbcType="-5" autoincrement="false" nullable="true">
            <annotations/>
        </column>
    </columns>
    <foreignKeys>
        <foreignKey toTable="mtdt_load_control" toSchema="public" onUpdate="importedKeyNoAction" onDelete="importedKeyNoAction" name="fk_mtdt_load_control" toDatabase="DATABASE" hql="from mtdt_load_control">
            <references>
                <reference fromColumn="parent_id" toColumn="id"/>
            </references>
        </foreignKey>
    </foreignKeys>
    <primaryKey primaryKeyName="mtdt_load_control_pkey">
        <column columnName="id"/>
    </primaryKey>
    <selectionProviders/>
</table>
