<?xml version="1.0" encoding="UTF-8" standalone="yes"?>
<table tableName="mtdt_sta_source_table">
    <annotations/>
    <columns>
        <column columnName="idsta_table" columnType="numeric" length="131089" jdbcType="2" autoincrement="false" nullable="false">
            <annotations/>
        </column>
        <column columnName="sta_table" columnType="varchar" length="50" jdbcType="12" autoincrement="false" nullable="true">
            <annotations>
                <annotation type="com.manydesigns.elements.annotations.MaxLength">
                    <value>50</value>
                </annotation>
            </annotations>
        </column>
        <column columnName="source_timestamp_column" columnType="varchar" length="50" jdbcType="12" autoincrement="false" nullable="true">
            <annotations>
                <annotation type="com.manydesigns.elements.annotations.MaxLength">
                    <value>50</value>
                </annotation>
            </annotations>
        </column>
        <column columnName="source_id_column" columnType="varchar" length="50" jdbcType="12" autoincrement="false" nullable="true">
            <annotations>
                <annotation type="com.manydesigns.elements.annotations.MaxLength">
                    <value>50</value>
                </annotation>
            </annotations>
        </column>
        <column columnName="dmlquery" columnType="text" jdbcType="12" autoincrement="false" nullable="true">
            <annotations>
                <annotation type="com.manydesigns.elements.annotations.Multiline">
                    <value>true</value>
                </annotation>
            </annotations>
        </column>
        <column columnName="sta_table_ddl" columnType="text" jdbcType="12" autoincrement="false" nullable="true">
            <annotations>
                <annotation type="com.manydesigns.elements.annotations.Multiline">
                    <value>true</value>
                </annotation>
            </annotations>
        </column>
        <column columnName="fc_creation" columnType="date" length="13" jdbcType="91" autoincrement="false" nullable="true">
            <annotations/>
        </column>
        <column columnName="idconnection" columnType="numeric" length="131089" jdbcType="2" autoincrement="false" nullable="false">
            <annotations/>
        </column>
        <column columnName="itstats" columnType="varchar" length="1" jdbcType="12" autoincrement="false" nullable="true">
            <annotations>
                <annotation type="com.manydesigns.elements.annotations.MaxLength">
                    <value>1</value>
                </annotation>
            </annotations>
        </column>
        <column columnName="extraction_observations" columnType="varchar" length="2000" jdbcType="12" autoincrement="false" nullable="true">
            <annotations>
                <annotation type="com.manydesigns.elements.annotations.MaxLength">
                    <value>2000</value>
                </annotation>
                <annotation type="com.manydesigns.elements.annotations.Multiline">
                    <value>true</value>
                </annotation>
            </annotations>
        </column>
        <column columnName="ifload" columnType="varchar" length="1" jdbcType="12" autoincrement="false" nullable="true">
            <annotations>
                <annotation type="com.manydesigns.elements.annotations.MaxLength">
                    <value>1</value>
                </annotation>
            </annotations>
        </column>
        <column columnName="id_cubes" columnType="varchar" length="100" jdbcType="12" autoincrement="false" nullable="true">
            <annotations>
                <annotation type="com.manydesigns.elements.annotations.MaxLength">
                    <value>100</value>
                </annotation>
            </annotations>
        </column>
    </columns>
    <foreignKeys>
        <foreignKey toTable="mtdt_sta_datasources" toSchema="public" onUpdate="importedKeyNoAction" onDelete="importedKeyNoAction" name="fk_source_table_datasources" toDatabase="DATABASE" hql="from mtdt_sta_datasources">
            <references>
                <reference fromColumn="idconnection" toColumn="idconnection"/>
            </references>
        </foreignKey>
    </foreignKeys>
    <primaryKey primaryKeyName="mtdt_sta_source_table_pkey">
        <column columnName="idsta_table">
            <incrementGenerator/>
        </column>
    </primaryKey>
    <selectionProviders>
        <query name="ifload" toDatabase="DATABASE" hql="" sql="select 'Y' as value1, 'Y' as label1 &#xD;&#xA;union select 'N' as value1, 'N' as label1">
            <references>
                <reference fromColumn="ifload"/>
            </references>
        </query>
        <query name="idconnection" toDatabase="DATABASE" hql="" sql="select idconnection as value1, concat(descconection,'(',ipport,')') as label1 from mtdt_sta_datasources">
            <references>
                <reference fromColumn="idconnection"/>
            </references>
        </query>
        <query name="itstats" toDatabase="DATABASE" hql="" sql="select 'Y' as value1, 'Y' as label1 &#xD;&#xA;union select 'N' as value1, 'N' as label1">
            <references>
                <reference fromColumn="itstats"/>
            </references>
        </query>
    </selectionProviders>
</table>
