<?xml version="1.0" encoding="UTF-8" standalone="yes"?>
<table tableName="mtdt_cube_xml">
    <annotations/>
    <columns>
        <column columnName="id_cube" columnType="numeric" length="131089" jdbcType="2" autoincrement="false" nullable="true">
            <annotations/>
        </column>
        <column columnName="ord" columnType="numeric" length="131089" jdbcType="2" autoincrement="false" nullable="true">
            <annotations/>
        </column>
        <column columnName="xml" columnType="varchar" length="4000" jdbcType="12" autoincrement="false" nullable="true">
            <annotations/>
        </column>
    </columns>
    <foreignKeys>
        <foreignKey toTable="mtdt_cube" toSchema="public" onUpdate="importedKeyNoAction" onDelete="importedKeyCascade" name="fk_cube_xml_cube" toDatabase="DATABASE" hql="from mtdt_cube">
            <references>
                <reference fromColumn="id_cube" toColumn="id_cube"/>
            </references>
        </foreignKey>
    </foreignKeys>
    <selectionProviders/>
</table>
