<?xml version="1.0" encoding="UTF-8" standalone="yes"?>
<table tableName="mtdt_log">
    <annotations/>
    <columns>
        <column columnName="id_log" columnType="bigserial" length="19" jdbcType="-5" autoincrement="true" nullable="false">
            <annotations/>
        </column>
        <column columnName="sql" columnType="text" jdbcType="12" autoincrement="false" nullable="true">
            <annotations>
                <annotation type="com.manydesigns.elements.annotations.Multiline">
                    <value>true</value>
                </annotation>
            </annotations>
        </column>
        <column columnName="fec_ini" columnType="timestamp" jdbcType="93" autoincrement="false" nullable="true">
            <annotations>
                <annotation type="com.manydesigns.elements.annotations.DateFormat">
                    <value>YYYY/MM/dd HH:mm:ss</value>
                </annotation>
            </annotations>
        </column>
        <column columnName="fec_fin" columnType="timestamp" jdbcType="93" autoincrement="false" nullable="true">
            <annotations>
                <annotation type="com.manydesigns.elements.annotations.DateFormat">
                    <value>YYYY/MM/dd HH:mm:ss</value>
                </annotation>
            </annotations>
        </column>
        <column columnName="process" columnType="varchar" length="100" jdbcType="12" autoincrement="false" nullable="true">
            <annotations>
                <annotation type="com.manydesigns.elements.annotations.MaxLength">
                    <value>100</value>
                </annotation>
            </annotations>
        </column>
        <column columnName="parameters" columnType="varchar" length="100" jdbcType="12" autoincrement="false" nullable="true">
            <annotations>
                <annotation type="com.manydesigns.elements.annotations.MaxLength">
                    <value>100</value>
                </annotation>
            </annotations>
        </column>
    </columns>
    <foreignKeys/>
    <primaryKey primaryKeyName="mtdt_log_pkey">
        <column columnName="id_log"/>
    </primaryKey>
    <selectionProviders/>
</table>
