<?xml version="1.0" encoding="UTF-8" standalone="yes"?>
<table tableName="mtdt_dimension">
    <annotations/>
    <columns>
        <column columnName="id_dimension" columnType="numeric" length="131089" jdbcType="2" autoincrement="false" nullable="false">
            <annotations/>
        </column>
        <column columnName="id_cube" columnType="numeric" length="131089" jdbcType="2" autoincrement="false" nullable="false">
            <annotations/>
        </column>
        <column columnName="name" columnType="varchar" length="50" jdbcType="12" autoincrement="false" nullable="false">
            <annotations/>
        </column>
        <column columnName="description" columnType="varchar" length="4000" jdbcType="12" autoincrement="false" nullable="false">
            <annotations>
                <annotation type="com.manydesigns.elements.annotations.Multiline">
                    <value>true</value>
                </annotation>
            </annotations>
        </column>
        <column columnName="description_long" columnType="varchar" length="4000" jdbcType="12" autoincrement="false" nullable="true">
            <annotations>
                <annotation type="com.manydesigns.elements.annotations.Multiline">
                    <value>true</value>
                </annotation>
            </annotations>
        </column>
        <column columnName="sql" columnType="varchar" length="4000" jdbcType="12" autoincrement="false" nullable="true">
            <annotations>
                <annotation type="com.manydesigns.elements.annotations.Multiline">
                    <value>true</value>
                </annotation>
            </annotations>
        </column>
        <column columnName="scheduler" columnType="varchar" length="15" jdbcType="12" autoincrement="false" nullable="false">
            <annotations/>
        </column>
        <column columnName="type" columnType="varchar" length="5" jdbcType="12" autoincrement="false" nullable="false">
            <annotations/>
        </column>
        <column columnName="sta_table" columnType="varchar" length="100" jdbcType="12" autoincrement="false" nullable="true">
            <annotations/>
        </column>
        <column columnName="id_dimension_refer" columnType="numeric" length="131089" jdbcType="2" autoincrement="false" nullable="true">
            <annotations/>
        </column>
    </columns>
    <foreignKeys>
        <foreignKey toTable="mtdt_cube" toSchema="public" onUpdate="importedKeyNoAction" onDelete="importedKeyCascade" name="fk_dimension_cube" toDatabase="DATABASE" hql="from mtdt_cube">
            <references>
                <reference fromColumn="id_cube" toColumn="id_cube"/>
            </references>
        </foreignKey>
    </foreignKeys>
    <primaryKey primaryKeyName="mtdt_dimension_pkey">
        <column columnName="id_dimension">
            <incrementGenerator/>
        </column>
    </primaryKey>
    <selectionProviders>
        <query name="type" toDatabase="DATABASE" hql="" sql="select 'N' as value1, 'N-normal' as label1, 1 sort&#xD;&#xA;union select 'D' , 'D-date' , 2 sort&#xD;&#xA;union select 'IDD' , 'IDD-ids_derivated' , 3 sort&#xD;&#xA;union select 'DEGEN' , 'DEGEN-degenerated' , 4 sort&#xD;&#xA;union select 'SNOW' , 'SNOW-snow' , 5 sort&#xD;&#xA;union select 'REFER' , 'REFER' , 6 sort&#xD;&#xA;union select 'I' , 'I-indicator' , 7 sort&#xD;&#xA;order by sort">
            <references>
                <reference fromColumn="type"/>
            </references>
        </query>
        <query name="statable" toDatabase="DATABASE" hql="" sql="select sta_table as value1, 'CUBE/s:'||id_cubes||', STA_TABLE:'||sta_table as label1 from mtdt_sta_source_table&#xD;&#xA;order by id_cubes, sta_table">
            <references>
                <reference fromColumn="sta_table"/>
            </references>
        </query>
        <query name="scheduler" toDatabase="DATABASE" hql="" sql="select 'DAILY' as value1, 'Daily' as label1, 1 sort &#xD;&#xA;union select 'WEEKLY' as value1, 'Weekly' as label1, 2 sort &#xD;&#xA;union select 'MONTHLY' as value1, 'Monthly' as label1, 3 sort &#xD;&#xA;union select 'TRIMESTRAL' as value1, 'Trimestral' as label1, 4 sort &#xD;&#xA;union select 'SEMESTRAL' as value1, 'Semestral' as label1, 5 sort &#xD;&#xA;union select 'ANUAL' as value1, 'Anual' as label1, 6 sort &#xD;&#xA;order by sort">
            <references>
                <reference fromColumn="scheduler"/>
            </references>
        </query>
    </selectionProviders>
</table>
