<?xml version="1.0" encoding="UTF-8" standalone="yes"?>
<table tableName="mtdt_indicator">
    <annotations/>
    <columns>
        <column columnName="id_indicator" columnType="numeric" length="131089" jdbcType="2" autoincrement="false" nullable="false">
            <annotations/>
        </column>
        <column columnName="id_cube" columnType="numeric" length="131089" jdbcType="2" autoincrement="false" nullable="true">
            <annotations/>
        </column>
        <column columnName="name" columnType="varchar" length="100" jdbcType="12" autoincrement="false" nullable="true">
            <annotations/>
        </column>
        <column columnName="description" columnType="varchar" length="4000" jdbcType="12" autoincrement="false" nullable="true">
            <annotations>
                <annotation type="com.manydesigns.elements.annotations.Multiline">
                    <value>true</value>
                </annotation>
            </annotations>
        </column>
        <column columnName="description_long" columnType="varchar" length="4000" jdbcType="12" autoincrement="false" nullable="true">
            <annotations>
                <annotation type="com.manydesigns.elements.annotations.Multiline">
                    <value>true</value>
                </annotation>
            </annotations>
        </column>
        <column columnName="sql" columnType="varchar" length="4000" jdbcType="12" autoincrement="false" nullable="true">
            <annotations>
                <annotation type="com.manydesigns.elements.annotations.Multiline">
                    <value>true</value>
                </annotation>
            </annotations>
        </column>
        <column columnName="sql_group" columnType="varchar" length="100" jdbcType="12" autoincrement="false" nullable="true">
            <annotations/>
        </column>
    </columns>
    <foreignKeys>
        <foreignKey toTable="mtdt_cube" toSchema="public" onUpdate="importedKeyNoAction" onDelete="importedKeyCascade" name="fk_indicator_cube" toDatabase="DATABASE" hql="from mtdt_cube">
            <references>
                <reference fromColumn="id_cube" toColumn="id_cube"/>
            </references>
        </foreignKey>
    </foreignKeys>
    <primaryKey primaryKeyName="mtdt_indicator_pkey">
        <column columnName="id_indicator">
            <incrementGenerator/>
        </column>
    </primaryKey>
    <selectionProviders>
        <query name="sqlgroup" toDatabase="DATABASE" hql="" sql="select 'SUM' AS VALUE1, 'SUM' AS LABEL1, 1 SORT&#xD;&#xA;UNION select 'MIN' AS VALUE1, 'MIN' AS LABEL1, 2 SORT&#xD;&#xA;UNION select 'MAX' AS VALUE1, 'MAX' AS LABEL1, 3 SORT&#xD;&#xA;UNION select 'AVG' AS VALUE1, 'AVG' AS LABEL1, 4 SORT&#xD;&#xA;UNION select 'DISTINCT-COUNT' AS VALUE1, 'DISTINCT-COUNT' AS LABEL1, 5 SORT&#xD;&#xA;UNION select 'COUNT' AS VALUE1, 'COUNT' AS LABEL1, 6 SORT&#xD;&#xA;ORDER BY SORT">
            <references>
                <reference fromColumn="sql_group"/>
            </references>
        </query>
    </selectionProviders>
</table>
