<?xml version="1.0" encoding="UTF-8" standalone="yes"?>
<table tableName="mtdt_cube">
    <annotations/>
    <columns>
        <column columnName="id_cube" columnType="numeric" length="131089" jdbcType="2" autoincrement="false" nullable="false">
            <annotations/>
        </column>
        <column columnName="name" columnType="varchar" length="50" jdbcType="12" autoincrement="false" nullable="true">
            <annotations/>
        </column>
        <column columnName="description" columnType="varchar" length="4000" jdbcType="12" autoincrement="false" nullable="true">
            <annotations>
                <annotation type="com.manydesigns.elements.annotations.Multiline">
                    <value>true</value>
                </annotation>
            </annotations>
        </column>
        <column columnName="scheduler" columnType="varchar" length="15" jdbcType="12" autoincrement="false" nullable="true">
            <annotations/>
        </column>
        <column columnName="type" columnType="varchar" length="15" jdbcType="12" autoincrement="false" nullable="true">
            <annotations/>
        </column>
        <column columnName="tmp_name" columnType="varchar" length="100" jdbcType="12" autoincrement="false" nullable="true">
            <annotations/>
        </column>
        <column columnName="parent_id_cubes" columnType="varchar" length="100" jdbcType="12" autoincrement="false" nullable="true">
            <annotations/>
        </column>
    </columns>
    <foreignKeys/>
    <primaryKey primaryKeyName="mtdt_cube_pkey">
        <column columnName="id_cube">
            <incrementGenerator/>
        </column>
    </primaryKey>
    <selectionProviders>
        <query name="scheduler" toDatabase="DATABASE" hql="" sql="select 'DAILY' as value1, 'Daily' as label1, 1 sort &#xD;&#xA;union select 'WEEKLY' as value1, 'Weekly' as label1, 2 sort &#xD;&#xA;union select 'MONTHLY' as value1, 'Monthly' as label1, 3 sort &#xD;&#xA;union select 'TRIMESTRAL' as value1, 'Trimestral' as label1, 4 sort &#xD;&#xA;union select 'SEMESTRAL' as value1, 'Semestral' as label1, 5 sort &#xD;&#xA;union select 'ANUAL' as value1, 'Anual' as label1, 6 sort &#xD;&#xA;order by sort">
            <references>
                <reference fromColumn="scheduler"/>
            </references>
        </query>
        <query name="type" toDatabase="DATABASE" hql="" sql="select 'INCREMENTAL' as value1, 'Incremental' as label1&#xD;&#xA;union select 'COMPLETE' as value1, 'Complete' as label1">
            <references>
                <reference fromColumn="type"/>
            </references>
        </query>
    </selectionProviders>
</table>
