<?xml version="1.0" encoding="UTF-8" standalone="yes"?>
<table tableName="mtdt_cube_pre_post">
    <annotations/>
    <columns>
        <column columnName="id_pre_post" columnType="numeric" length="131089" jdbcType="2" autoincrement="false" nullable="false">
            <annotations/>
        </column>
        <column columnName="id_cube" columnType="numeric" length="131089" jdbcType="2" autoincrement="false" nullable="true">
            <annotations/>
        </column>
        <column columnName="type" columnType="varchar" length="4" jdbcType="12" autoincrement="false" nullable="true">
            <annotations/>
        </column>
        <column columnName="sql" columnType="text" jdbcType="12" autoincrement="false" nullable="true">
            <annotations>
                <annotation type="com.manydesigns.elements.annotations.Multiline">
                    <value>true</value>
                </annotation>
            </annotations>
        </column>
    </columns>
    <foreignKeys>
        <foreignKey toTable="mtdt_cube" toSchema="public" onUpdate="importedKeyNoAction" onDelete="importedKeyCascade" name="fk_cube_pre_post_cube" toDatabase="DATABASE" hql="from mtdt_cube">
            <references>
                <reference fromColumn="id_cube" toColumn="id_cube"/>
            </references>
        </foreignKey>
    </foreignKeys>
    <primaryKey primaryKeyName="mtdt_cube_pre_post_pkey">
        <column columnName="id_pre_post">
            <incrementGenerator/>
        </column>
    </primaryKey>
    <selectionProviders>
        <query name="type" toDatabase="DATABASE" hql="" sql="select 'PRE' as value1, 'PRE' as label1&#xD;&#xA;union select 'POST' as value1, 'POST' as label1">
            <references>
                <reference fromColumn="type"/>
            </references>
        </query>
    </selectionProviders>
</table>
