<?xml version="1.0" encoding="UTF-8" standalone="yes"?>
<table tableName="mtdt_dashboards_def">
    <annotations/>
    <columns>
        <column columnName="id" columnType="bigserial" length="19" jdbcType="-5" autoincrement="true" nullable="false">
            <annotations/>
        </column>
        <column columnName="fgroup" columnType="varchar" length="100" jdbcType="12" autoincrement="false" nullable="true">
            <annotations/>
        </column>
        <column columnName="id_indicator" columnType="varchar" length="100" jdbcType="12" autoincrement="false" nullable="true">
            <annotations/>
        </column>
        <column columnName="indicator" columnType="varchar" length="200" jdbcType="12" autoincrement="false" nullable="true">
            <annotations/>
        </column>
        <column columnName="sql" columnType="varchar" length="4000" jdbcType="12" autoincrement="false" nullable="true">
            <annotations>
                <annotation type="com.manydesigns.elements.annotations.Multiline">
                    <value>true</value>
                </annotation>
            </annotations>
        </column>
        <column columnName="forder" columnType="numeric" length="131089" jdbcType="2" autoincrement="false" nullable="true">
            <annotations/>
        </column>
        <column columnName="inf_limit" columnType="numeric" length="131089" jdbcType="2" autoincrement="false" nullable="true">
            <annotations/>
        </column>
        <column columnName="upper_limit" columnType="numeric" length="131089" jdbcType="2" autoincrement="false" nullable="true">
            <annotations/>
        </column>
        <column columnName="fmonth" columnType="varchar" length="7" jdbcType="12" autoincrement="false" nullable="true">
            <annotations/>
        </column>
        <column columnName="fmonth_fin" columnType="varchar" length="7" jdbcType="12" autoincrement="false" nullable="true">
            <annotations/>
        </column>
        <column columnName="type" columnType="varchar" length="100" jdbcType="12" autoincrement="false" nullable="true">
            <annotations/>
        </column>
        <column columnName="datasource" columnType="varchar" length="10000" jdbcType="12" autoincrement="false" nullable="true">
            <annotations>
                <annotation type="com.manydesigns.elements.annotations.Multiline">
                    <value>true</value>
                </annotation>
            </annotations>
        </column>
    </columns>
    <foreignKeys/>
    <primaryKey primaryKeyName="mtdt_dashboards_def_pkey">
        <column columnName="id"/>
    </primaryKey>
    <selectionProviders>
        <query name="type" toDatabase="DATABASE" hql="" sql="select 'DEFAULT' AS VALUE1, 'DEFAULT' AS LABEL1, 1 SORT&#xD;&#xA;UNION select 'GECKOBOARD' AS VALUE1, 'GECKOBOARD' AS LABEL1, 2 SORT&#xD;&#xA;ORDER BY SORT">
            <references>
                <reference fromColumn="type"/>
            </references>
        </query>
    </selectionProviders>
</table>
