<?xml version="1.0" encoding="UTF-8" standalone="yes"?>
<table tableName="mtdt_dimension_idd">
    <annotations/>
    <columns>
        <column columnName="id_dimension_idd" columnType="int4" length="10" jdbcType="4" autoincrement="false" nullable="false">
            <annotations/>
        </column>
        <column columnName="id_dimension" columnType="numeric" length="131089" jdbcType="2" autoincrement="false" nullable="false">
            <annotations/>
        </column>
        <column columnName="tab_dim1" columnType="varchar" length="100" jdbcType="12" autoincrement="false" nullable="true">
            <annotations/>
        </column>
        <column columnName="tab_dim1_col_idd" columnType="varchar" length="100" jdbcType="12" autoincrement="false" nullable="true">
            <annotations/>
        </column>
        <column columnName="tab_dim1_col_join" columnType="varchar" length="100" jdbcType="12" autoincrement="false" nullable="true">
            <annotations/>
        </column>
        <column columnName="tab_dim2" columnType="varchar" length="100" jdbcType="12" autoincrement="false" nullable="true">
            <annotations/>
        </column>
        <column columnName="tab_dim2_col_idd" columnType="varchar" length="100" jdbcType="12" autoincrement="false" nullable="true">
            <annotations/>
        </column>
        <column columnName="tab_dim2_col_join" columnType="varchar" length="100" jdbcType="12" autoincrement="false" nullable="true">
            <annotations/>
        </column>
        <column columnName="bypass" columnType="varchar" length="20" jdbcType="12" autoincrement="false" nullable="true">
            <annotations/>
        </column>
    </columns>
    <foreignKeys/>
    <primaryKey primaryKeyName="mtdt_dimension_idd_pkey">
        <column columnName="id_dimension_idd">
            <incrementGenerator/>
        </column>
    </primaryKey>
    <selectionProviders/>
</table>
