<?xml version="1.0" encoding="UTF-8" standalone="yes"?>
<table tableName="mtdt_dashboards_adjust">
    <annotations/>
    <columns>
        <column columnName="id" columnType="int8" length="19" jdbcType="-5" autoincrement="false" nullable="true">
            <annotations/>
        </column>
        <column columnName="fmonth" columnType="varchar" length="7" jdbcType="12" autoincrement="false" nullable="true">
            <annotations/>
        </column>
        <column columnName="id_indicator" columnType="varchar" length="100" jdbcType="12" autoincrement="false" nullable="true">
            <annotations/>
        </column>
        <column columnName="value" columnType="numeric" length="131089" jdbcType="2" autoincrement="false" nullable="true">
            <annotations/>
        </column>
    </columns>
    <foreignKeys/>
    <selectionProviders/>
</table>
