<?xml version="1.0" encoding="UTF-8" standalone="yes"?>
<table tableName="versionhistory">
    <annotations/>
    <columns>
        <column columnName="_id" columnType="bigserial" length="19" jdbcType="-5" autoincrement="true" nullable="false">
            <annotations/>
        </column>
        <column columnName="release" columnType="varchar" length="100" jdbcType="12" autoincrement="false" nullable="true">
            <annotations/>
        </column>
        <column columnName="current" columnType="bool" length="1" jdbcType="-7" autoincrement="false" nullable="true">
            <annotations/>
        </column>
        <column columnName="module" columnType="varchar" length="100" jdbcType="12" autoincrement="false" nullable="true">
            <annotations/>
        </column>
        <column columnName="datetime" columnType="timestamp" length="3" jdbcType="93" autoincrement="false" nullable="true">
            <annotations/>
        </column>
        <column columnName="notes" columnType="varchar" length="1000" jdbcType="12" autoincrement="false" nullable="true">
            <annotations>
                <annotation type="com.manydesigns.elements.annotations.Multiline">
                    <value>true</value>
                </annotation>
            </annotations>
        </column>
        <column columnName="maxscriptid" columnType="int4" length="10" jdbcType="4" autoincrement="false" nullable="true">
            <annotations/>
        </column>
        <column columnName="scriptsarray" columnType="_scriptsitems" jdbcType="2003" autoincrement="false" nullable="true">
            <annotations/>
        </column>
    </columns>
    <foreignKeys/>
    <primaryKey primaryKeyName="versionhistory_pkey">
        <column columnName="_id"/>
    </primaryKey>
    <selectionProviders/>
</table>
