<?xml version="1.0" encoding="UTF-8" standalone="yes"?>
<configuration database="DATABASE" query="from mtdt_sta_source_table order by id desc" name="mtdt_sta_source_table" searchTitle="" createTitle="" readTitle="" editTitle="" variable="mtdt_sta_source_table" largeResultSet="false" rowsPerPage="10" columns="1" useLocalOrder="false">
    <properties>
        <property enabled="true" name="idsta_table" label="" insertable="false" updatable="false" inSummary="true" searchable="true">
            <annotations/>
        </property>
        <property enabled="true" name="sta_table" label="" insertable="true" updatable="true" inSummary="true" searchable="true">
            <annotations/>
        </property>
        <property enabled="true" name="dmlquery" label="source" insertable="true" updatable="true" inSummary="true" searchable="true">
            <annotations/>
        </property>
        <property enabled="true" name="fc_creation" label="" insertable="true" updatable="true" inSummary="true" searchable="true">
            <annotations/>
        </property>
        <property enabled="true" name="idconnection" label="" insertable="true" updatable="true" inSummary="true" searchable="true">
            <annotations/>
        </property>
        <property enabled="true" name="itstats" label="" insertable="true" updatable="true" inSummary="false" searchable="true">
            <annotations/>
        </property>
        <property enabled="true" name="extraction_observations" label="" insertable="true" updatable="true" inSummary="false" searchable="true">
            <annotations/>
        </property>
        <property enabled="true" name="ifload" label="" insertable="true" updatable="true" inSummary="true" searchable="true">
            <annotations/>
        </property>
        <property enabled="true" name="id_cubes" label="" insertable="true" updatable="true" inSummary="true" searchable="true">
            <annotations/>
        </property>
        <property enabled="true" name="sta_table_ddl" label="" insertable="true" updatable="true" inSummary="false" searchable="true">
            <annotations/>
        </property>
        <property enabled="true" name="source_timestamp_column" label="" insertable="true" updatable="true" inSummary="true" searchable="true">
            <annotations/>
        </property>
        <property enabled="true" name="source_id_column" label="" insertable="true" updatable="true" inSummary="true" searchable="true">
            <annotations/>
        </property>
    </properties>
    <selectionProviders>
        <selectionProvider enabled="true" selectionProvider="itstats" displayMode="DROPDOWN" searchDisplayMode="DROPDOWN" createNewValueText=""/>
        <selectionProvider enabled="true" selectionProvider="ifload" displayMode="DROPDOWN" searchDisplayMode="DROPDOWN" createNewValueText=""/>
        <selectionProvider enabled="true" selectionProvider="idconnection" displayMode="DROPDOWN" searchDisplayMode="DROPDOWN" createNewValueText=""/>
    </selectionProviders>
</configuration>
