<?xml version="1.0" encoding="UTF-8" standalone="yes"?>
<configuration database="DATABASE" query="from mtdt_sta_datasources order by id desc" name="mtdt_sta_datasources" searchTitle="" createTitle="" readTitle="" editTitle="" variable="mtdt_sta_datasources" largeResultSet="false" rowsPerPage="10" columns="1" useLocalOrder="false">
    <properties>
        <property enabled="true" name="idconnection" label="" insertable="false" updatable="false" inSummary="true" searchable="true">
            <annotations/>
        </property>
        <property enabled="true" name="descconection" label="" insertable="true" updatable="true" inSummary="true" searchable="true">
            <annotations/>
        </property>
        <property enabled="true" name="provider" label="" insertable="true" updatable="true" inSummary="true" searchable="true">
            <annotations/>
        </property>
        <property enabled="true" name="ipport" label="ipport/filename" insertable="true" updatable="true" inSummary="true" searchable="true">
            <annotations/>
        </property>
        <property enabled="true" name="database" label="" insertable="true" updatable="true" inSummary="true" searchable="true">
            <annotations/>
        </property>
        <property enabled="true" name="username" label="" insertable="true" updatable="true" inSummary="false" searchable="false">
            <annotations/>
        </property>
        <property enabled="true" name="password" label="" insertable="true" updatable="true" inSummary="false" searchable="false">
            <annotations/>
        </property>
        <property enabled="true" name="authdb" label="" insertable="true" updatable="true" inSummary="false" searchable="false">
            <annotations/>
        </property>
        <property enabled="true" name="shard" label="" insertable="true" updatable="true" inSummary="false" searchable="false">
            <annotations/>
        </property>
    </properties>
    <selectionProviders>
        <selectionProvider enabled="true" selectionProvider="provider" displayMode="DROPDOWN" searchDisplayMode="DROPDOWN" createNewValueText=""/>
    </selectionProviders>
</configuration>
