<?xml version="1.0" encoding="UTF-8" standalone="yes"?>
<page title="Portofino4" description="portofino 4" navigationRoot="GHOST_ROOT" id="root">
    <layout template="default">
        <childPages>
            <childPage showInNavigation="true" name="welcome"/>
            <childPage showInNavigation="false" name="login"/>
            <childPage showInNavigation="true" name="staging"/>
            <childPage showInNavigation="true" name="cubes"/>
            <childPage showInNavigation="true" name="dimensions"/>
            <childPage showInNavigation="true" name="Indicators"/>
            <childPage showInNavigation="true" name="Dashboards"/>
            <childPage showInNavigation="true" name="management"/>
        </childPages>
    </layout>
    <detailLayout template="default">
        <childPages/>
    </detailLayout>
    <permissions>
        <group level="VIEW" name="all"/>
        <group level="DENY" name="anonymous"/>
        <group level="NONE" name="registered"/>
        <group level="NONE" name="administrators"/>
    </permissions>
</page>
