<?xml version="1.0" encoding="UTF-8" standalone="yes"?>
<page title="Dimensions" description="Dimensions definition" navigationRoot="INHERIT" id="dj0udeeebaz4qj4hzj6kr9elg">
    <layout template="default">
        <childPages/>
    </layout>
    <detailLayout template="default">
        <childPages>
            <childPage order="0" showInNavigation="true" name="mtdt_dimension_pre_post" container="default"/>
            <childPage order="0" showInNavigation="true" name="dimension_idd_related" container="default"/>
        </childPages>
    </detailLayout>
    <permissions/>
</page>
