<?xml version="1.0" encoding="UTF-8" standalone="yes"?>
<configuration database="DATABASE" query="from mtdt_sta_source_table where idconnection = %{#mtdt_sta_datasources.idconnection} order by id desc" name="mtdt_sta_source_table" variable="mtdt_sta_source_table" largeResultSet="false" rowsPerPage="10" columns="1" useLocalOrder="false">
    <properties>
        <property enabled="true" name="idsta_table" insertable="false" updatable="false" inSummary="true" searchable="true">
            <annotations/>
        </property>
        <property enabled="true" name="sta_table" insertable="true" updatable="true" inSummary="true" searchable="true">
            <annotations/>
        </property>
        <property enabled="true" name="dmlquery" insertable="true" updatable="true" inSummary="true" searchable="true">
            <annotations/>
        </property>
        <property enabled="true" name="fc_creation" insertable="true" updatable="true" inSummary="true" searchable="true">
            <annotations/>
        </property>
        <property enabled="false" name="idconnection" insertable="false" updatable="false" inSummary="false" searchable="false">
            <annotations/>
        </property>
        <property enabled="true" name="itstats" insertable="true" updatable="true" inSummary="true" searchable="true">
            <annotations/>
        </property>
        <property enabled="true" name="extraction_observations" insertable="true" updatable="true" inSummary="false" searchable="false">
            <annotations/>
        </property>
        <property enabled="true" name="ifload" insertable="true" updatable="true" inSummary="false" searchable="false">
            <annotations/>
        </property>
        <property enabled="true" name="id_cubes" insertable="true" updatable="true" inSummary="false" searchable="false">
            <annotations/>
        </property>
    </properties>
    <selectionProviders/>
</configuration>
