<?xml version="1.0" encoding="UTF-8" standalone="yes"?>
<page title="Utilities" description="" navigationRoot="INHERIT" id="mqzdbm03r6s4e84ctia774e67">
    <layout template="default">
        <childPages>
            <childPage showInNavigation="true" name="mtdt_load_control"/>
            <childPage showInNavigation="true" name="chart"/>
            <childPage showInNavigation="true" name="mtdt_log"/>
            <childPage showInNavigation="true" name="versionhistory"/>
            <childPage showInNavigation="true" name="PentahoBA"/>
        </childPages>
    </layout>
    <detailLayout template="default">
        <childPages/>
    </detailLayout>
    <permissions/>
</page>
