<?xml version="1.0" encoding="UTF-8" standalone="yes"?>
<configuration database="DATABASE" query="from mtdt_cube_pre_post where id_cube = %{#mtdt_cube.id_cube} order by id desc" name="mtdt_cube_pre_post" searchTitle="" createTitle="" readTitle="" editTitle="" variable="mtdt_cube_pre_post" largeResultSet="false" rowsPerPage="10" columns="1" useLocalOrder="false">
    <properties>
        <property enabled="true" name="id_pre_post" label="" insertable="false" updatable="false" inSummary="true" searchable="true">
            <annotations/>
        </property>
        <property enabled="false" name="id_cube" label="" insertable="false" updatable="false" inSummary="false" searchable="false">
            <annotations/>
        </property>
        <property enabled="true" name="type" label="" insertable="true" updatable="true" inSummary="true" searchable="true">
            <annotations/>
        </property>
        <property enabled="true" name="sql" label="" insertable="true" updatable="true" inSummary="true" searchable="true">
            <annotations/>
        </property>
    </properties>
    <selectionProviders>
        <selectionProvider enabled="true" fk="fk_cube_pre_post_cube" displayMode="DROPDOWN" searchDisplayMode="DROPDOWN" createNewValueText=""/>
    </selectionProviders>
</configuration>
